{
  "description": "100 test addresses with intentional errors for ICDA validation training",
  "generated_from": "customer_data.json",
  "error_summary": {
    "missing_zip": 12,
    "wrong_zip_for_city": 10,
    "transposed_zip_digits": 8,
    "misspelled_city": 15,
    "wrong_city_for_state": 8,
    "misspelled_street": 12,
    "missing_street_number": 7,
    "missing_unit_number": 6,
    "wrong_state": 5,
    "extra_spaces_formatting": 8,
    "truncated_address": 5,
    "mixed_case_issues": 4,
    "total": 100
  },
  "addresses": [
    {"id": 1, "address": "6733 Spring Pl Apt 625", "city": "Aurora", "state": "IL", "zip": "", "error_type": "missing_zip", "original_zip": "60535"},
    {"id": 2, "address": "7206 Aspen Way", "city": "Clevland", "state": "OH", "zip": "44154", "error_type": "misspelled_city", "correct_city": "Cleveland"},
    {"id": 3, "address": "5397 Aspen Ter Apt 281", "city": "Renton", "state": "WA", "zip": "98056", "error_type": "transposed_zip_digits", "correct_zip": "98065"},
    {"id": 4, "address": "9922 Park Way", "city": "Mount Vernin", "state": "NY", "zip": "10551", "error_type": "misspelled_city", "correct_city": "Mount Vernon"},
    {"id": 5, "address": "5075 Aspn Ln", "city": "Raleigh", "state": "NC", "zip": "27607", "error_type": "misspelled_street", "correct_street": "5075 Aspen Ln"},
    {"id": 6, "address": "6447 Spring Ln", "city": "San Francisco", "state": "CA", "zip": "", "error_type": "missing_zip", "original_zip": "94162"},
    {"id": 7, "address": "5047 Forest Ave", "city": "San Deigo", "state": "CA", "zip": "92168", "error_type": "misspelled_city", "correct_city": "San Diego"},
    {"id": 8, "address": "858 Pine Pkwy", "city": "Paradise", "state": "NV", "zip": "89518", "error_type": "transposed_zip_digits", "correct_zip": "89158"},
    {"id": 9, "address": "6328 Washington Ln", "city": "Erie", "state": "PA", "zip": "16561", "error_type": "missing_unit_number", "correct_address": "6328 Washington Ln Apt 500"},
    {"id": 10, "address": "1819 Forrest Ave", "city": "Kent", "state": "WA", "zip": "98089", "error_type": "misspelled_street", "correct_street": "1819 Forest Ave"},
    {"id": 11, "address": "541 Broadway Cir", "city": "Peoria", "state": "AZ", "zip": "", "error_type": "missing_zip", "original_zip": "85366"},
    {"id": 12, "address": "5970 Maple Rd", "city": "Riverside", "state": "TX", "zip": "92574", "error_type": "wrong_state", "correct_state": "CA"},
    {"id": 13, "address": "1297 Dogwood Ct", "city": "Athans", "state": "GA", "zip": "30618", "error_type": "misspelled_city", "correct_city": "Athens"},
    {"id": 14, "address": "2884 Broadway Ter", "city": "Syracuse", "state": "NY", "zip": "13279", "error_type": "missing_unit_number", "correct_address": "2884 Broadway Ter Apt 773"},
    {"id": 15, "address": "5577 Jeffrson Pl", "city": "Atlanta", "state": "GA", "zip": "30370", "error_type": "misspelled_street", "correct_street": "5577 Jefferson Pl"},
    {"id": 16, "address": "6520 Main Dr", "city": "Spring Valley", "state": "NV", "zip": "89411", "error_type": "transposed_zip_digits", "correct_zip": "89141"},
    {"id": 17, "address": "7774 Lake Ln Apt 601", "city": "Federal Way", "state": "WA", "zip": "", "error_type": "missing_zip", "original_zip": "98003"},
    {"id": 18, "address": "8209 Jackson Ave Apt 812", "city": "New Yrok", "state": "NY", "zip": "10008", "error_type": "misspelled_city", "correct_city": "New York"},
    {"id": 19, "address": "7875 Chestnut Rd", "city": "Norfolk", "state": "VA", "zip": "23753", "error_type": "transposed_zip_digits", "correct_zip": "23573"},
    {"id": 20, "address": "5441 Mapel Way", "city": "Augusta", "state": "GA", "zip": "30906", "error_type": "misspelled_street", "correct_street": "5441 Maple Way"},
    {"id": 21, "address": "7106 Grant Cir", "city": "San Antonia", "state": "TX", "zip": "78261", "error_type": "misspelled_city", "correct_city": "San Antonio"},
    {"id": 22, "address": "5203 Magnolia Pl", "city": "Dallas", "state": "TX", "zip": "75230", "error_type": "missing_unit_number", "correct_address": "5203 Magnolia Pl Unit C"},
    {"id": 23, "address": "5563 Mill Rd Suite 813", "city": "Atlana", "state": "GA", "zip": "30386", "error_type": "misspelled_city", "correct_city": "Atlanta"},
    {"id": 24, "address": "8572 Walnut Dr", "city": "Long Beach", "state": "CA", "zip": "", "error_type": "missing_zip", "original_zip": "90809"},
    {"id": 25, "address": "2522 Mapl Ct", "city": "Sparks", "state": "NV", "zip": "89430", "error_type": "misspelled_street", "correct_street": "2522 Maple Ct"},
    {"id": 26, "address": "3980 Meadow Way", "city": "Sacremento", "state": "CA", "zip": "95835", "error_type": "misspelled_city", "correct_city": "Sacramento"},
    {"id": 27, "address": "3144 Elm Cir", "city": "North Las Vegas", "state": "AZ", "zip": "89086", "error_type": "wrong_state", "correct_state": "NV"},
    {"id": 28, "address": "9496 Water Ter", "city": "Erie", "state": "PA", "zip": "16583", "error_type": "transposed_zip_digits", "correct_zip": "16538"},
    {"id": 29, "address": "9338 Willow Blvd", "city": "Scranton", "state": "PA", "zip": "18545", "error_type": "missing_unit_number", "correct_address": "9338 Willow Blvd Apt 677"},
    {"id": 30, "address": "9649 Valey Ter", "city": "Paradise", "state": "NV", "zip": "89184", "error_type": "misspelled_street", "correct_street": "9649 Valley Ter"},
    {"id": 31, "address": "2322 Lincoln Rd", "city": "Hialeah", "state": "FL", "zip": "33072", "error_type": "transposed_zip_digits", "correct_zip": "33027"},
    {"id": 32, "address": "3111 Jefferson Pl", "city": "Napervile", "state": "IL", "zip": "60552", "error_type": "misspelled_city", "correct_city": "Naperville"},
    {"id": 33, "address": "7976 Main Rd Apt 316", "city": "Athens", "state": "GA", "zip": "30603", "error_type": "wrong_zip_for_city", "note": "ZIP 30603 is valid for Athens but may conflict"},
    {"id": 34, "address": "6349 Aspen Cir", "city": "Athens", "state": "GA", "zip": "", "error_type": "missing_zip", "original_zip": "30627"},
    {"id": 35, "address": "4053 Jakson Way", "city": "Augusta", "state": "GA", "zip": "30957", "error_type": "misspelled_street", "correct_street": "4053 Jackson Way"},
    {"id": 36, "address": "2729 Wilson Ter", "city": "Reno", "state": "NV", "zip": "89775", "error_type": "transposed_zip_digits", "correct_zip": "89577"},
    {"id": 37, "address": "2235 Redwood Ln", "city": "Dalas", "state": "TX", "zip": "75286", "error_type": "misspelled_city", "correct_city": "Dallas"},
    {"id": 38, "address": "7327 Monroe Rd", "city": "San Diego", "state": "CA", "zip": "92118", "error_type": "missing_unit_number", "correct_address": "7327 Monroe Rd Apt 688"},
    {"id": 39, "address": "3440 Kennedy Blvd", "city": "Scranton", "state": "PA", "zip": "", "error_type": "missing_zip", "original_zip": "18572"},
    {"id": 40, "address": "3292 Wilson Dr Suite 741", "city": "Belevue", "state": "WA", "zip": "98015", "error_type": "misspelled_city", "correct_city": "Bellevue"},
    {"id": 41, "address": "8394 Grant Ave", "city": "Tacoma", "state": "OR", "zip": "98436", "error_type": "wrong_state", "correct_state": "WA"},
    {"id": 42, "address": "8971 Cherry Rd Apt 866", "city": "Spokane", "state": "WA", "zip": "99290", "error_type": "transposed_zip_digits", "correct_zip": "99209"},
    {"id": 43, "address": "3428 Elm St", "city": "Everett", "state": "WA", "zip": "98216", "error_type": "missing_unit_number", "correct_address": "3428 Elm St Apt 48"},
    {"id": 44, "address": "  6733 Spring Pl  Apt 625  ", "city": "Aurora", "state": "IL", "zip": "60535", "error_type": "extra_spaces_formatting", "correct_address": "6733 Spring Pl Apt 625"},
    {"id": 45, "address": "Spring Pl Apt 625", "city": "Aurora", "state": "IL", "zip": "60535", "error_type": "missing_street_number", "correct_address": "6733 Spring Pl Apt 625"},
    {"id": 46, "address": "7206 Aspen", "city": "Cleveland", "state": "OH", "zip": "44154", "error_type": "truncated_address", "correct_address": "7206 Aspen Way"},
    {"id": 47, "address": "5397 aspen ter apt 281", "city": "renton", "state": "wa", "zip": "98065", "error_type": "mixed_case_issues", "correct_format": "5397 Aspen Ter Apt 281, Renton, WA"},
    {"id": 48, "address": "9922 Park Way", "city": "Mount Vernon", "state": "NY", "zip": "10155", "error_type": "transposed_zip_digits", "correct_zip": "10551"},
    {"id": 49, "address": "5075 Aspen Ln", "city": "Raliegh", "state": "NC", "zip": "27607", "error_type": "misspelled_city", "correct_city": "Raleigh"},
    {"id": 50, "address": "6447  Spring  Ln", "city": "San Francisco", "state": "CA", "zip": "94162", "error_type": "extra_spaces_formatting", "correct_address": "6447 Spring Ln"},
    {"id": 51, "address": "5047 Forrest Ave", "city": "San Diego", "state": "CA", "zip": "92168", "error_type": "misspelled_street", "correct_street": "5047 Forest Ave"},
    {"id": 52, "address": "858 Pine Pkwy", "city": "Paradise", "state": "NV", "zip": "", "error_type": "missing_zip", "original_zip": "89158"},
    {"id": 53, "address": "6328 Washington Ln Apt 500", "city": "Eire", "state": "PA", "zip": "16561", "error_type": "misspelled_city", "correct_city": "Erie"},
    {"id": 54, "address": "1819 Forest Ave", "city": "Kent", "state": "WA", "zip": "12345", "error_type": "wrong_zip_for_city", "correct_zip": "98089"},
    {"id": 55, "address": "541 Brodway Cir", "city": "Peoria", "state": "AZ", "zip": "85366", "error_type": "misspelled_street", "correct_street": "541 Broadway Cir"},
    {"id": 56, "address": "5970 Maple Rd", "city": "Riverside", "state": "CA", "zip": "90210", "error_type": "wrong_zip_for_city", "correct_zip": "92574"},
    {"id": 57, "address": "Dogwood Ct", "city": "Athens", "state": "GA", "zip": "30618", "error_type": "missing_street_number", "correct_address": "1297 Dogwood Ct"},
    {"id": 58, "address": "2884 Broadway Ter Apt 773", "city": "Syraceuse", "state": "NY", "zip": "13279", "error_type": "misspelled_city", "correct_city": "Syracuse"},
    {"id": 59, "address": "5577 Jefferson Pl", "city": "Atlanta", "state": "FL", "zip": "30370", "error_type": "wrong_state", "correct_state": "GA"},
    {"id": 60, "address": "6520 Main Dr", "city": "Spring Valey", "state": "NV", "zip": "89141", "error_type": "misspelled_city", "correct_city": "Spring Valley"},
    {"id": 61, "address": "7774 Lake Ln  Apt  601", "city": "Federal Way", "state": "WA", "zip": "98003", "error_type": "extra_spaces_formatting", "correct_address": "7774 Lake Ln Apt 601"},
    {"id": 62, "address": "8209 Jackson Ave Apt 812", "city": "New York", "state": "NY", "zip": "10080", "error_type": "transposed_zip_digits", "correct_zip": "10008"},
    {"id": 63, "address": "7875 Chesnut Rd", "city": "Norfolk", "state": "VA", "zip": "23573", "error_type": "misspelled_street", "correct_street": "7875 Chestnut Rd"},
    {"id": 64, "address": "5441 Maple Way", "city": "Augusta", "state": "GA", "zip": "", "error_type": "missing_zip", "original_zip": "30906"},
    {"id": 65, "address": "7106 Grant Cir", "city": "San Antonio", "state": "TX", "zip": "75001", "error_type": "wrong_zip_for_city", "correct_zip": "78261"},
    {"id": 66, "address": "5203 Magnolia Pl Unit C", "city": "Dallass", "state": "TX", "zip": "75230", "error_type": "misspelled_city", "correct_city": "Dallas"},
    {"id": 67, "address": "Mill Rd Suite 813", "city": "Atlanta", "state": "GA", "zip": "30386", "error_type": "missing_street_number", "correct_address": "5563 Mill Rd Suite 813"},
    {"id": 68, "address": "8572 WALNUT DR", "city": "LONG BEACH", "state": "CA", "zip": "90809", "error_type": "mixed_case_issues", "correct_format": "8572 Walnut Dr, Long Beach, CA"},
    {"id": 69, "address": "2522 Maple Ct", "city": "Sparks", "state": "CA", "zip": "89430", "error_type": "wrong_state", "correct_state": "NV"},
    {"id": 70, "address": "3980 Meadow Way", "city": "Sacramento", "state": "CA", "zip": "95853", "error_type": "transposed_zip_digits", "correct_zip": "95835"},
    {"id": 71, "address": "3144 Elm Cir", "city": "North Las Vagas", "state": "NV", "zip": "89086", "error_type": "misspelled_city", "correct_city": "North Las Vegas"},
    {"id": 72, "address": "9496 Water Ter", "city": "Erie", "state": "PA", "zip": "", "error_type": "missing_zip", "original_zip": "16538"},
    {"id": 73, "address": "9338 Wilow Blvd Apt 677", "city": "Scranton", "state": "PA", "zip": "18545", "error_type": "misspelled_street", "correct_street": "9338 Willow Blvd Apt 677"},
    {"id": 74, "address": "9649 Valley Ter", "city": "Paradise", "state": "NV", "zip": "11111", "error_type": "wrong_zip_for_city", "correct_zip": "89184"},
    {"id": 75, "address": "2322 Lincon Rd", "city": "Hialeah", "state": "FL", "zip": "33027", "error_type": "misspelled_street", "correct_street": "2322 Lincoln Rd"},
    {"id": 76, "address": "3111 Jefferson Pl", "city": "Naperville", "state": "IL", "zip": "", "error_type": "missing_zip", "original_zip": "60552"},
    {"id": 77, "address": "7976 Main Rd", "city": "Athens", "state": "GA", "zip": "30603", "error_type": "missing_unit_number", "correct_address": "7976 Main Rd Apt 316"},
    {"id": 78, "address": "6349 Aspen Cir", "city": "Athen", "state": "GA", "zip": "30627", "error_type": "misspelled_city", "correct_city": "Athens"},
    {"id": 79, "address": "4053 Jackson Way", "city": "Augusta", "state": "GA", "zip": "30597", "error_type": "transposed_zip_digits", "correct_zip": "30957"},
    {"id": 80, "address": "  2729  Wilson  Ter  ", "city": "Reno", "state": "NV", "zip": "89577", "error_type": "extra_spaces_formatting", "correct_address": "2729 Wilson Ter"},
    {"id": 81, "address": "2235 Redwood Ln", "city": "Dallas", "state": "TX", "zip": "77777", "error_type": "wrong_zip_for_city", "correct_zip": "75286"},
    {"id": 82, "address": "Monroe Rd Apt 688", "city": "San Diego", "state": "CA", "zip": "92118", "error_type": "missing_street_number", "correct_address": "7327 Monroe Rd Apt 688"},
    {"id": 83, "address": "3440 Kenedy Blvd", "city": "Scranton", "state": "PA", "zip": "18572", "error_type": "misspelled_street", "correct_street": "3440 Kennedy Blvd"},
    {"id": 84, "address": "3292 Wilson", "city": "Bellevue", "state": "WA", "zip": "98015", "error_type": "truncated_address", "correct_address": "3292 Wilson Dr Suite 741"},
    {"id": 85, "address": "8394 Grant Ave", "city": "Takoma", "state": "WA", "zip": "98436", "error_type": "misspelled_city", "correct_city": "Tacoma"},
    {"id": 86, "address": "8971 Cherry Rd Apt 866", "city": "Spokane", "state": "WA", "zip": "99999", "error_type": "wrong_zip_for_city", "correct_zip": "99209"},
    {"id": 87, "address": "3428 elm st apt 48", "city": "everett", "state": "wa", "zip": "98216", "error_type": "mixed_case_issues", "correct_format": "3428 Elm St Apt 48, Everett, WA"},
    {"id": 88, "address": "6733 Sprng Pl Apt 625", "city": "Aurora", "state": "IL", "zip": "60535", "error_type": "misspelled_street", "correct_street": "6733 Spring Pl Apt 625"},
    {"id": 89, "address": "7206 Aspen Way", "city": "Cleveland", "state": "OH", "zip": "44514", "error_type": "transposed_zip_digits", "correct_zip": "44154"},
    {"id": 90, "address": "5397 Aspen Ter Apt 281", "city": "Renton", "state": "WA", "zip": "00000", "error_type": "wrong_zip_for_city", "correct_zip": "98065"},
    {"id": 91, "address": "9922 Park", "city": "Mount Vernon", "state": "NY", "zip": "10551", "error_type": "truncated_address", "correct_address": "9922 Park Way"},
    {"id": 92, "address": "Aspen Ln", "city": "Raleigh", "state": "NC", "zip": "27607", "error_type": "missing_street_number", "correct_address": "5075 Aspen Ln"},
    {"id": 93, "address": "6447 Spring Ln", "city": "San Franciso", "state": "CA", "zip": "94162", "error_type": "misspelled_city", "correct_city": "San Francisco"},
    {"id": 94, "address": "5047 Forest Ave", "city": "San Diego", "state": "CA", "zip": "", "error_type": "missing_zip", "original_zip": "92168"},
    {"id": 95, "address": "858  Pine   Pkwy", "city": "Paradise", "state": "NV", "zip": "89158", "error_type": "extra_spaces_formatting", "correct_address": "858 Pine Pkwy"},
    {"id": 96, "address": "6328 Washingtn Ln Apt 500", "city": "Erie", "state": "PA", "zip": "16561", "error_type": "misspelled_street", "correct_street": "6328 Washington Ln Apt 500"},
    {"id": 97, "address": "1819 Forest Ave", "city": "Kent", "state": "ID", "zip": "98089", "error_type": "wrong_state", "correct_state": "WA"},
    {"id": 98, "address": "541 Broadway Cir", "city": "Peoria", "state": "AZ", "zip": "85636", "error_type": "transposed_zip_digits", "correct_zip": "85366"},
    {"id": 99, "address": "5970  Maple  Rd", "city": "Riverside", "state": "CA", "zip": "92574", "error_type": "extra_spaces_formatting", "correct_address": "5970 Maple Rd"},
    {"id": 100, "address": "1297 Dogwood", "city": "Athens", "state": "GA", "zip": "30618", "error_type": "truncated_address", "correct_address": "1297 Dogwood Ct"}
  ]
}
