[
  {"id": 1, "input": "6733 Spring Place Apt 625 Aurora IL 60535", "error_type": "street_type_expanded", "original_crid": "CRID-000001"},
  {"id": 2, "input": "6733 Sprng Pl Apt 625, Aurora, IL 60535", "error_type": "typo_missing_letter", "original_crid": "CRID-000001"},
  {"id": 3, "input": "6733 SPRING PL APT 625 AURORA IL 60535", "error_type": "all_caps", "original_crid": "CRID-000001"},
  {"id": 4, "input": "6733 Spring Pl Aurora IL 60535", "error_type": "missing_unit", "original_crid": "CRID-000001"},
  {"id": 5, "input": "6733 Spring Pl Apt 625, Aurora, IL 60553", "error_type": "transposed_zip", "original_crid": "CRID-000001"},
  {"id": 6, "input": "7206 Aspen Wy Cleveland OH 44154", "error_type": "abbreviated_way", "original_crid": "CRID-000002"},
  {"id": 7, "input": "7206 Aspn Way, Cleveland, OH 44154", "error_type": "typo_missing_vowel", "original_crid": "CRID-000002"},
  {"id": 8, "input": "7206 aspen way cleveland oh 44154", "error_type": "all_lowercase", "original_crid": "CRID-000002"},
  {"id": 9, "input": "7206 Aspen Way, Clevland, OH 44154", "error_type": "city_typo", "original_crid": "CRID-000002"},
  {"id": 10, "input": "7206 Aspen Way Cleveland 44154", "error_type": "missing_state", "original_crid": "CRID-000002"},
  {"id": 11, "input": "5397 Aspen Terrace Apt 281, Renton, WA 98065", "error_type": "street_type_expanded", "original_crid": "CRID-000003"},
  {"id": 12, "input": "5397 Aspen Ter #281 Renton WA 98065", "error_type": "unit_format_hash", "original_crid": "CRID-000003"},
  {"id": 13, "input": "5397 Aspen Ter Apartment 281, Renton, WA 98065", "error_type": "unit_expanded", "original_crid": "CRID-000003"},
  {"id": 14, "input": "5397 Aspen Ter Apt 281 Renton Washington 98065", "error_type": "state_expanded", "original_crid": "CRID-000003"},
  {"id": 15, "input": "5397 Aspen Ter Apt281, Renton, WA 98065", "error_type": "missing_space", "original_crid": "CRID-000003"},
  {"id": 16, "input": "9922 Park Wy Mount Vernon NY 10551", "error_type": "abbreviated_way", "original_crid": "CRID-000004"},
  {"id": 17, "input": "9922 Park Way, Mt Vernon, NY 10551", "error_type": "city_abbreviated", "original_crid": "CRID-000004"},
  {"id": 18, "input": "9922 Park Way Mt. Vernon NY 10551", "error_type": "city_with_period", "original_crid": "CRID-000004"},
  {"id": 19, "input": "9922 Park Way, Mount Vernon, NY 10515", "error_type": "transposed_zip", "original_crid": "CRID-000004"},
  {"id": 20, "input": "9922  Park  Way Mount Vernon NY 10551", "error_type": "extra_spaces", "original_crid": "CRID-000004"},
  {"id": 21, "input": "5075 Aspen Lane Raleigh NC 27607", "error_type": "street_type_expanded", "original_crid": "CRID-000005"},
  {"id": 22, "input": "5075 Aspin Ln, Raleigh, NC 27607", "error_type": "phonetic_misspelling", "original_crid": "CRID-000005"},
  {"id": 23, "input": "5075 Aspen Ln Rayleigh NC 27607", "error_type": "city_phonetic", "original_crid": "CRID-000005"},
  {"id": 24, "input": "5075 Aspen Ln, Raleigh, North Carolina 27607", "error_type": "state_expanded", "original_crid": "CRID-000005"},
  {"id": 25, "input": "5075 Aspen Ln Raleigh NC", "error_type": "missing_zip", "original_crid": "CRID-000005"},
  {"id": 26, "input": "6447 Spring Lane San Francisco CA 94162", "error_type": "street_type_expanded", "original_crid": "CRID-000006"},
  {"id": 27, "input": "6447 Spring Ln, San Fransisco, CA 94162", "error_type": "city_misspelling", "original_crid": "CRID-000006"},
  {"id": 28, "input": "6447 Spring Ln SF CA 94162", "error_type": "city_abbreviated", "original_crid": "CRID-000006"},
  {"id": 29, "input": "6447 Spring Ln San Francisco California 94162", "error_type": "state_expanded", "original_crid": "CRID-000006"},
  {"id": 30, "input": "6447 Sprng Ln, San Francisco, CA 94162", "error_type": "typo_missing_vowel", "original_crid": "CRID-000006"},
  {"id": 31, "input": "5047 Forest Avenue San Diego CA 92168", "error_type": "street_type_expanded", "original_crid": "CRID-000007"},
  {"id": 32, "input": "5047 Forrest Ave, San Diego, CA 92168", "error_type": "double_letter_typo", "original_crid": "CRID-000007"},
  {"id": 33, "input": "5047 FOREST AVE SAN DIEGO CA 92168", "error_type": "all_caps", "original_crid": "CRID-000007"},
  {"id": 34, "input": "5047 Forest Ave, San Deigo, CA 92168", "error_type": "transposed_letters", "original_crid": "CRID-000007"},
  {"id": 35, "input": "5047 Forest Ave San Diego 92168", "error_type": "missing_state", "original_crid": "CRID-000007"},
  {"id": 36, "input": "858 Pine Parkway Paradise NV 89158", "error_type": "street_type_expanded", "original_crid": "CRID-000008"},
  {"id": 37, "input": "858 Pne Pkwy, Paradise, NV 89158", "error_type": "typo_missing_vowel", "original_crid": "CRID-000008"},
  {"id": 38, "input": "858 Pine Pkwy Paradice NV 89158", "error_type": "city_phonetic", "original_crid": "CRID-000008"},
  {"id": 39, "input": "858 Pine Pkwy, Paradise, Nevada 89158", "error_type": "state_expanded", "original_crid": "CRID-000008"},
  {"id": 40, "input": "858 Pine Pkwy Paradise NV 89185", "error_type": "transposed_zip", "original_crid": "CRID-000008"},
  {"id": 41, "input": "6328 Washington Lane Apt 500 Erie PA 16561", "error_type": "street_type_expanded", "original_crid": "CRID-000009"},
  {"id": 42, "input": "6328 Washington Ln #500, Erie, PA 16561", "error_type": "unit_format_hash", "original_crid": "CRID-000009"},
  {"id": 43, "input": "6328 Washingtn Ln Apt 500 Erie PA 16561", "error_type": "typo_missing_letter", "original_crid": "CRID-000009"},
  {"id": 44, "input": "6328 Washington Ln Apt 500 Erie Pennsylvania 16561", "error_type": "state_expanded", "original_crid": "CRID-000009"},
  {"id": 45, "input": "6328 Washington Ln Erie PA 16561", "error_type": "missing_unit", "original_crid": "CRID-000009"},
  {"id": 46, "input": "1819 Forest Avenue Kent WA 98089", "error_type": "street_type_expanded", "original_crid": "CRID-000010"},
  {"id": 47, "input": "1819 Forrest Ave, Kent, WA 98089", "error_type": "double_letter_typo", "original_crid": "CRID-000010"},
  {"id": 48, "input": "1819 forest ave kent wa 98089", "error_type": "all_lowercase", "original_crid": "CRID-000010"},
  {"id": 49, "input": "1819 Forest Ave, Kent, Washington 98089", "error_type": "state_expanded", "original_crid": "CRID-000010"},
  {"id": 50, "input": "1819 Forest Ave Kent WA 98098", "error_type": "transposed_zip", "original_crid": "CRID-000010"},
  {"id": 51, "input": "541 Broadway Circle Peoria AZ 85366", "error_type": "street_type_expanded", "original_crid": "CRID-000011"},
  {"id": 52, "input": "541 Brodway Cir, Peoria, AZ 85366", "error_type": "typo_missing_letter", "original_crid": "CRID-000011"},
  {"id": 53, "input": "541 Broadway Cir Peoria Arizona 85366", "error_type": "state_expanded", "original_crid": "CRID-000011"},
  {"id": 54, "input": "541 BROADWAY CIR PEORIA AZ 85366", "error_type": "all_caps", "original_crid": "CRID-000011"},
  {"id": 55, "input": "541 Broadway Cir, Peoria, AZ 85636", "error_type": "transposed_zip", "original_crid": "CRID-000011"},
  {"id": 56, "input": "5970 Maple Road Riverside CA 92574", "error_type": "street_type_expanded", "original_crid": "CRID-000012"},
  {"id": 57, "input": "5970 Mapel Rd, Riverside, CA 92574", "error_type": "transposed_letters", "original_crid": "CRID-000012"},
  {"id": 58, "input": "5970 Maple Rd Riveside CA 92574", "error_type": "city_typo", "original_crid": "CRID-000012"},
  {"id": 59, "input": "5970 Maple Rd, Riverside, California 92574", "error_type": "state_expanded", "original_crid": "CRID-000012"},
  {"id": 60, "input": "5970 maple rd riverside ca 92574", "error_type": "all_lowercase", "original_crid": "CRID-000012"},
  {"id": 61, "input": "1297 Dogwood Court Athens GA 30618", "error_type": "street_type_expanded", "original_crid": "CRID-000013"},
  {"id": 62, "input": "1297 Dogwod Ct, Athens, GA 30618", "error_type": "typo_missing_letter", "original_crid": "CRID-000013"},
  {"id": 63, "input": "1297 Dogwood Ct Athns GA 30618", "error_type": "city_typo", "original_crid": "CRID-000013"},
  {"id": 64, "input": "1297 Dogwood Ct, Athens, Georgia 30618", "error_type": "state_expanded", "original_crid": "CRID-000013"},
  {"id": 65, "input": "1297 Dogwood Ct Athens GA 30681", "error_type": "transposed_zip", "original_crid": "CRID-000013"},
  {"id": 66, "input": "2884 Broadway Terrace Apt 773 Syracuse NY 13279", "error_type": "street_type_expanded", "original_crid": "CRID-000014"},
  {"id": 67, "input": "2884 Broadway Ter #773, Syracuse, NY 13279", "error_type": "unit_format_hash", "original_crid": "CRID-000014"},
  {"id": 68, "input": "2884 Brodway Ter Apt 773 Syracuse NY 13279", "error_type": "typo_missing_letter", "original_crid": "CRID-000014"},
  {"id": 69, "input": "2884 Broadway Ter Apt 773, Syracues, NY 13279", "error_type": "city_typo", "original_crid": "CRID-000014"},
  {"id": 70, "input": "2884 Broadway Ter Syracuse NY 13279", "error_type": "missing_unit", "original_crid": "CRID-000014"},
  {"id": 71, "input": "5577 Jefferson Place Atlanta GA 30370", "error_type": "street_type_expanded", "original_crid": "CRID-000015"},
  {"id": 72, "input": "5577 Jeferson Pl, Atlanta, GA 30370", "error_type": "typo_missing_letter", "original_crid": "CRID-000015"},
  {"id": 73, "input": "5577 Jefferson Pl Atlana GA 30370", "error_type": "city_typo", "original_crid": "CRID-000015"},
  {"id": 74, "input": "5577 JEFFERSON PL ATLANTA GA 30370", "error_type": "all_caps", "original_crid": "CRID-000015"},
  {"id": 75, "input": "5577 Jefferson Pl, Atlanta, GA 30307", "error_type": "transposed_zip", "original_crid": "CRID-000015"},
  {"id": 76, "input": "6520 Main Drive Spring Valley NV 89141", "error_type": "street_type_expanded", "original_crid": "CRID-000016"},
  {"id": 77, "input": "6520 Main Dr, Spring Valey, NV 89141", "error_type": "city_typo", "original_crid": "CRID-000016"},
  {"id": 78, "input": "6520 Main Dr SpringValley NV 89141", "error_type": "missing_space_city", "original_crid": "CRID-000016"},
  {"id": 79, "input": "6520 Main Dr, Spring Valley, Nevada 89141", "error_type": "state_expanded", "original_crid": "CRID-000016"},
  {"id": 80, "input": "6520 main dr spring valley nv 89141", "error_type": "all_lowercase", "original_crid": "CRID-000016"},
  {"id": 81, "input": "7774 Lake Lane Apt 601 Federal Way WA 98311", "error_type": "street_type_expanded", "original_crid": "CRID-000017"},
  {"id": 82, "input": "7774 Lake Ln #601, Federal Way, WA 98311", "error_type": "unit_format_hash", "original_crid": "CRID-000017"},
  {"id": 83, "input": "7774 Lake Ln Apt 601 Federl Way WA 98311", "error_type": "city_typo", "original_crid": "CRID-000017"},
  {"id": 84, "input": "7774 Lake Ln Apt 601, Federal Way, Washington 98311", "error_type": "state_expanded", "original_crid": "CRID-000017"},
  {"id": 85, "input": "7774 Lake Ln Federal Way WA 98311", "error_type": "missing_unit", "original_crid": "CRID-000017"},
  {"id": 86, "input": "6512 Lake Drive Apt 133 Albany NY 12206", "error_type": "street_type_expanded", "original_crid": "CRID-000018"},
  {"id": 87, "input": "6512 Lake Dr #133, Albany, NY 12206", "error_type": "unit_format_hash", "original_crid": "CRID-000018"},
  {"id": 88, "input": "6512 Lak Dr Apt 133 Albany NY 12206", "error_type": "typo_missing_letter", "original_crid": "CRID-000018"},
  {"id": 89, "input": "6512 Lake Dr Apt 133, Alabny, NY 12206", "error_type": "transposed_city", "original_crid": "CRID-000018"},
  {"id": 90, "input": "6512 Lake Dr Apt 133 Albany NY 12260", "error_type": "transposed_zip", "original_crid": "CRID-000018"},
  {"id": 91, "input": "4214 Redwood Terrace Greensboro NC 27463", "error_type": "street_type_expanded", "original_crid": "CRID-000019"},
  {"id": 92, "input": "4214 Redwood Ter, Greensboro, North Carolina 27463", "error_type": "state_expanded", "original_crid": "CRID-000019"},
  {"id": 93, "input": "4214 Redwod Ter Greensboro NC 27463", "error_type": "typo_missing_letter", "original_crid": "CRID-000019"},
  {"id": 94, "input": "4214 Redwood Ter, Greenboro, NC 27463", "error_type": "city_typo", "original_crid": "CRID-000019"},
  {"id": 95, "input": "4214 REDWOOD TER GREENSBORO NC 27463", "error_type": "all_caps", "original_crid": "CRID-000019"},
  {"id": 96, "input": "1246 Forest Street Fayetteville NC 28354", "error_type": "street_type_expanded", "original_crid": "CRID-000020"},
  {"id": 97, "input": "1246 Forrest St, Fayetteville, NC 28354", "error_type": "double_letter_typo", "original_crid": "CRID-000020"},
  {"id": 98, "input": "1246 Forest St Fayetville NC 28354", "error_type": "city_typo", "original_crid": "CRID-000020"},
  {"id": 99, "input": "1246 Forest St, Fayetteville, North Carolina 28354", "error_type": "state_expanded", "original_crid": "CRID-000020"},
  {"id": 100, "input": "1246 Forest St Fayetteville NC 28345", "error_type": "transposed_zip", "original_crid": "CRID-000020"},
  {"id": 101, "input": "4867 Union Lane Allentown PA 18102", "error_type": "street_type_expanded", "original_crid": "CRID-000021"},
  {"id": 102, "input": "4867 Union Ln, Allentown, Pennsylvania 18102", "error_type": "state_expanded", "original_crid": "CRID-000021"},
  {"id": 103, "input": "4867 Uniun Ln Allentown PA 18102", "error_type": "phonetic_typo", "original_crid": "CRID-000021"},
  {"id": 104, "input": "4867 Union Ln, Alentown, PA 18102", "error_type": "city_typo", "original_crid": "CRID-000021"},
  {"id": 105, "input": "4867 union ln allentown pa 18102", "error_type": "all_lowercase", "original_crid": "CRID-000021"},
  {"id": 106, "input": "2729 Wilson Terrace Reno NV 89577", "error_type": "street_type_expanded", "original_crid": "CRID-000001-hist"},
  {"id": 107, "input": "2729 Willson Ter, Reno, NV 89577", "error_type": "double_letter_typo", "original_crid": "CRID-000001-hist"},
  {"id": 108, "input": "2729 Wilson Ter Reno Nevada 89577", "error_type": "state_expanded", "original_crid": "CRID-000001-hist"},
  {"id": 109, "input": "2729 WILSON TER RENO NV 89577", "error_type": "all_caps", "original_crid": "CRID-000001-hist"},
  {"id": 110, "input": "2729 Wilson Ter Reno NV 89757", "error_type": "transposed_zip", "original_crid": "CRID-000001-hist"},
  {"id": 111, "input": "2235 Redwood Lane Dallas TX 75286", "error_type": "street_type_expanded", "original_crid": "CRID-000001-hist2"},
  {"id": 112, "input": "2235 Redwod Ln, Dallas, TX 75286", "error_type": "typo_missing_letter", "original_crid": "CRID-000001-hist2"},
  {"id": 113, "input": "2235 Redwood Ln Dalas TX 75286", "error_type": "city_typo", "original_crid": "CRID-000001-hist2"},
  {"id": 114, "input": "2235 Redwood Ln, Dallas, Texas 75286", "error_type": "state_expanded", "original_crid": "CRID-000001-hist2"},
  {"id": 115, "input": "2235 redwood ln dallas tx 75286", "error_type": "all_lowercase", "original_crid": "CRID-000001-hist2"},
  {"id": 116, "input": "7327 Monroe Road Apt 688 San Diego CA 92118", "error_type": "street_type_expanded", "original_crid": "CRID-000002-hist"},
  {"id": 117, "input": "7327 Monroe Rd #688, San Diego, CA 92118", "error_type": "unit_format_hash", "original_crid": "CRID-000002-hist"},
  {"id": 118, "input": "7327 Monro Rd Apt 688 San Diego CA 92118", "error_type": "typo_missing_letter", "original_crid": "CRID-000002-hist"},
  {"id": 119, "input": "7327 Monroe Rd Apt 688, San Deigo, CA 92118", "error_type": "transposed_city", "original_crid": "CRID-000002-hist"},
  {"id": 120, "input": "7327 Monroe Rd San Diego CA 92118", "error_type": "missing_unit", "original_crid": "CRID-000002-hist"},
  {"id": 121, "input": "3440 Kennedy Boulevard Scranton PA 18572", "error_type": "street_type_expanded", "original_crid": "CRID-000003-hist"},
  {"id": 122, "input": "3440 Kenedy Blvd, Scranton, PA 18572", "error_type": "typo_missing_letter", "original_crid": "CRID-000003-hist"},
  {"id": 123, "input": "3440 Kennedy Blvd Scanton PA 18572", "error_type": "city_typo", "original_crid": "CRID-000003-hist"},
  {"id": 124, "input": "3440 Kennedy Blvd, Scranton, Pennsylvania 18572", "error_type": "state_expanded", "original_crid": "CRID-000003-hist"},
  {"id": 125, "input": "3440 KENNEDY BLVD SCRANTON PA 18572", "error_type": "all_caps", "original_crid": "CRID-000003-hist"},
  {"id": 126, "input": "3292 Wilson Drive Suite 741 Bellevue WA 98015", "error_type": "street_type_expanded", "original_crid": "CRID-000003-hist2"},
  {"id": 127, "input": "3292 Wilson Dr Ste 741, Bellevue, WA 98015", "error_type": "suite_abbreviated", "original_crid": "CRID-000003-hist2"},
  {"id": 128, "input": "3292 Wilson Dr Suite 741 Bellvue WA 98015", "error_type": "city_typo", "original_crid": "CRID-000003-hist2"},
  {"id": 129, "input": "3292 Wilson Dr Suite 741, Bellevue, Washington 98015", "error_type": "state_expanded", "original_crid": "CRID-000003-hist2"},
  {"id": 130, "input": "3292 Wilson Dr Bellevue WA 98015", "error_type": "missing_unit", "original_crid": "CRID-000003-hist2"},
  {"id": 131, "input": "8394 Grant Avenue Tacoma WA 98436", "error_type": "street_type_expanded", "original_crid": "CRID-000003-hist3"},
  {"id": 132, "input": "8394 Grnt Ave, Tacoma, WA 98436", "error_type": "typo_missing_vowel", "original_crid": "CRID-000003-hist3"},
  {"id": 133, "input": "8394 Grant Ave Tacma WA 98436", "error_type": "city_typo", "original_crid": "CRID-000003-hist3"},
  {"id": 134, "input": "8394 grant ave tacoma wa 98436", "error_type": "all_lowercase", "original_crid": "CRID-000003-hist3"},
  {"id": 135, "input": "8394 Grant Ave Tacoma WA 98463", "error_type": "transposed_zip", "original_crid": "CRID-000003-hist3"},
  {"id": 136, "input": "8971 Cherry Road Apt 866 Spokane WA 99209", "error_type": "street_type_expanded", "original_crid": "CRID-000003-hist4"},
  {"id": 137, "input": "8971 Cherry Rd #866, Spokane, WA 99209", "error_type": "unit_format_hash", "original_crid": "CRID-000003-hist4"},
  {"id": 138, "input": "8971 Chery Rd Apt 866 Spokane WA 99209", "error_type": "typo_missing_letter", "original_crid": "CRID-000003-hist4"},
  {"id": 139, "input": "8971 Cherry Rd Apt 866, Spokaine, WA 99209", "error_type": "city_phonetic", "original_crid": "CRID-000003-hist4"},
  {"id": 140, "input": "8971 Cherry Rd Spokane WA 99209", "error_type": "missing_unit", "original_crid": "CRID-000003-hist4"},
  {"id": 141, "input": "3428 Elm Street Apt 48 Everett WA 98216", "error_type": "street_type_expanded", "original_crid": "CRID-000003-hist5"},
  {"id": 142, "input": "3428 Elm St #48, Everett, WA 98216", "error_type": "unit_format_hash", "original_crid": "CRID-000003-hist5"},
  {"id": 143, "input": "3428 Elm St Apt 48 Everet WA 98216", "error_type": "city_typo", "original_crid": "CRID-000003-hist5"},
  {"id": 144, "input": "3428 ELM ST APT 48 EVERETT WA 98216", "error_type": "all_caps", "original_crid": "CRID-000003-hist5"},
  {"id": 145, "input": "3428 Elm St Everett WA 98216", "error_type": "missing_unit", "original_crid": "CRID-000003-hist5"},
  {"id": 146, "input": "8209 Jackson Avenue Apt 812 New York NY 10008", "error_type": "street_type_expanded", "original_crid": "CRID-000004-hist"},
  {"id": 147, "input": "8209 Jackson Ave #812, New York, NY 10008", "error_type": "unit_format_hash", "original_crid": "CRID-000004-hist"},
  {"id": 148, "input": "8209 Jakson Ave Apt 812 New York NY 10008", "error_type": "typo_missing_letter", "original_crid": "CRID-000004-hist"},
  {"id": 149, "input": "8209 Jackson Ave Apt 812 NYC NY 10008", "error_type": "city_abbreviated", "original_crid": "CRID-000004-hist"},
  {"id": 150, "input": "8209 Jackson Ave New York NY 10008", "error_type": "missing_unit", "original_crid": "CRID-000004-hist"},
  {"id": 151, "input": "7875 Chestnut Road Norfolk VA 23573", "error_type": "street_type_expanded", "original_crid": "CRID-000004-hist2"},
  {"id": 152, "input": "7875 Chesnut Rd, Norfolk, VA 23573", "error_type": "typo_missing_letter", "original_crid": "CRID-000004-hist2"},
  {"id": 153, "input": "7875 Chestnut Rd Norflok VA 23573", "error_type": "transposed_city", "original_crid": "CRID-000004-hist2"},
  {"id": 154, "input": "7875 Chestnut Rd, Norfolk, Virginia 23573", "error_type": "state_expanded", "original_crid": "CRID-000004-hist2"},
  {"id": 155, "input": "7875 chestnut rd norfolk va 23573", "error_type": "all_lowercase", "original_crid": "CRID-000004-hist2"},
  {"id": 156, "input": "5441 Maple Way Augusta GA 30906", "error_type": "original_correct", "original_crid": "CRID-000004-hist3"},
  {"id": 157, "input": "5441 Mapel Way, Augusta, GA 30906", "error_type": "transposed_letters", "original_crid": "CRID-000004-hist3"},
  {"id": 158, "input": "5441 Maple Wy Augusta GA 30906", "error_type": "abbreviated_way", "original_crid": "CRID-000004-hist3"},
  {"id": 159, "input": "5441 Maple Way, Agusta, GA 30906", "error_type": "city_typo", "original_crid": "CRID-000004-hist3"},
  {"id": 160, "input": "5441 Maple Way Augusta GA 30960", "error_type": "transposed_zip", "original_crid": "CRID-000004-hist3"},
  {"id": 161, "input": "5492 School Lane Apt 400 Aurora IL 60545", "error_type": "street_type_expanded", "original_crid": "CRID-000005-hist"},
  {"id": 162, "input": "5492 School Ln #400, Aurora, IL 60545", "error_type": "unit_format_hash", "original_crid": "CRID-000005-hist"},
  {"id": 163, "input": "5492 Scool Ln Apt 400 Aurora IL 60545", "error_type": "typo_missing_letter", "original_crid": "CRID-000005-hist"},
  {"id": 164, "input": "5492 School Ln Apt 400, Arora, IL 60545", "error_type": "city_typo", "original_crid": "CRID-000005-hist"},
  {"id": 165, "input": "5492 School Ln Aurora IL 60545", "error_type": "missing_unit", "original_crid": "CRID-000005-hist"},
  {"id": 166, "input": "7106 Grant Circle San Antonio TX 78261", "error_type": "street_type_expanded", "original_crid": "CRID-000007-hist"},
  {"id": 167, "input": "7106 Grant Cir, San Antono, TX 78261", "error_type": "city_typo", "original_crid": "CRID-000007-hist"},
  {"id": 168, "input": "7106 Grnat Cir San Antonio TX 78261", "error_type": "transposed_letters", "original_crid": "CRID-000007-hist"},
  {"id": 169, "input": "7106 Grant Cir, San Antonio, Texas 78261", "error_type": "state_expanded", "original_crid": "CRID-000007-hist"},
  {"id": 170, "input": "7106 GRANT CIR SAN ANTONIO TX 78261", "error_type": "all_caps", "original_crid": "CRID-000007-hist"},
  {"id": 171, "input": "5203 Magnolia Place Unit C Dallas TX 75230", "error_type": "street_type_expanded", "original_crid": "CRID-000007-hist2"},
  {"id": 172, "input": "5203 Magnolia Pl #C, Dallas, TX 75230", "error_type": "unit_format_hash", "original_crid": "CRID-000007-hist2"},
  {"id": 173, "input": "5203 Magnlia Pl Unit C Dallas TX 75230", "error_type": "typo_missing_letter", "original_crid": "CRID-000007-hist2"},
  {"id": 174, "input": "5203 Magnolia Pl Unit C, Dalas, TX 75230", "error_type": "city_typo", "original_crid": "CRID-000007-hist2"},
  {"id": 175, "input": "5203 Magnolia Pl Dallas TX 75230", "error_type": "missing_unit", "original_crid": "CRID-000007-hist2"},
  {"id": 176, "input": "5563 Mill Road Suite 813 Atlanta GA 30386", "error_type": "street_type_expanded", "original_crid": "CRID-000007-hist3"},
  {"id": 177, "input": "5563 Mill Rd Ste 813, Atlanta, GA 30386", "error_type": "suite_abbreviated", "original_crid": "CRID-000007-hist3"},
  {"id": 178, "input": "5563 Mil Rd Suite 813 Atlanta GA 30386", "error_type": "typo_missing_letter", "original_crid": "CRID-000007-hist3"},
  {"id": 179, "input": "5563 Mill Rd Suite 813, Atlenta, GA 30386", "error_type": "city_phonetic", "original_crid": "CRID-000007-hist3"},
  {"id": 180, "input": "5563 Mill Rd Atlanta GA 30386", "error_type": "missing_unit", "original_crid": "CRID-000007-hist3"},
  {"id": 181, "input": "8572 Walnut Drive Long Beach CA 90809", "error_type": "street_type_expanded", "original_crid": "CRID-000008-hist"},
  {"id": 182, "input": "8572 Walnut Dr, Long Beach, California 90809", "error_type": "state_expanded", "original_crid": "CRID-000008-hist"},
  {"id": 183, "input": "8572 Wlanut Dr Long Beach CA 90809", "error_type": "transposed_letters", "original_crid": "CRID-000008-hist"},
  {"id": 184, "input": "8572 Walnut Dr, Longbeach, CA 90809", "error_type": "city_combined", "original_crid": "CRID-000008-hist"},
  {"id": 185, "input": "8572 walnut dr long beach ca 90809", "error_type": "all_lowercase", "original_crid": "CRID-000008-hist"},
  {"id": 186, "input": "2522 Maple Court Sparks NV 89430", "error_type": "street_type_expanded", "original_crid": "CRID-000008-hist2"},
  {"id": 187, "input": "2522 Maple Ct, Sparks, Nevada 89430", "error_type": "state_expanded", "original_crid": "CRID-000008-hist2"},
  {"id": 188, "input": "2522 Mapel Ct Sparks NV 89430", "error_type": "transposed_letters", "original_crid": "CRID-000008-hist2"},
  {"id": 189, "input": "2522 Maple Ct, Sparkes, NV 89430", "error_type": "city_typo", "original_crid": "CRID-000008-hist2"},
  {"id": 190, "input": "2522 MAPLE CT SPARKS NV 89430", "error_type": "all_caps", "original_crid": "CRID-000008-hist2"},
  {"id": 191, "input": "3980 Meadow Wy Sacramento CA 95835", "error_type": "abbreviated_way", "original_crid": "CRID-000008-hist3"},
  {"id": 192, "input": "3980 Meadow Way, Sacramento, California 95835", "error_type": "state_expanded", "original_crid": "CRID-000008-hist3"},
  {"id": 193, "input": "3980 Medow Way Sacramento CA 95835", "error_type": "typo_missing_letter", "original_crid": "CRID-000008-hist3"},
  {"id": 194, "input": "3980 Meadow Way, Sacremento, CA 95835", "error_type": "city_phonetic", "original_crid": "CRID-000008-hist3"},
  {"id": 195, "input": "3980 meadow way sacramento ca 95835", "error_type": "all_lowercase", "original_crid": "CRID-000008-hist3"},
  {"id": 196, "input": "3144 Elm Circle North Las Vegas NV 89086", "error_type": "street_type_expanded", "original_crid": "CRID-000008-hist4"},
  {"id": 197, "input": "3144 Elm Cir, N Las Vegas, NV 89086", "error_type": "city_abbreviated", "original_crid": "CRID-000008-hist4"},
  {"id": 198, "input": "3144 Elm Cir North LasVegas NV 89086", "error_type": "city_combined", "original_crid": "CRID-000008-hist4"},
  {"id": 199, "input": "3144 Elm Cir, North Las Vegas, Nevada 89086", "error_type": "state_expanded", "original_crid": "CRID-000008-hist4"},
  {"id": 200, "input": "3144 ELM CIR NORTH LAS VEGAS NV 89086", "error_type": "all_caps", "original_crid": "CRID-000008-hist4"}
]
